Name,Slug,Collection ID,Locale ID,Item ID,Archived,Draft,Created On,Updated On,Published On
Achievements,achievements,68fc859a95b7d8d6466ccd74,68fc859a95b7d8d6466ccd43,68fc859a95b7d8d6466cce98,false,false,Thu Sep 12 2024 14:30:02 GMT+0000 (Coordinated Universal Time),Thu Sep 12 2024 14:30:02 GMT+0000 (Coordinated Universal Time),Wed Nov 05 2025 08:59:16 GMT+0000 (Coordinated Universal Time)
Advanced Techniques,advanced-techniques,68fc859a95b7d8d6466ccd74,68fc859a95b7d8d6466ccd43,68fc859a95b7d8d6466ccdf3,false,false,Thu Sep 12 2024 14:29:59 GMT+0000 (Coordinated Universal Time),Thu Sep 12 2024 14:29:59 GMT+0000 (Coordinated Universal Time),Wed Nov 05 2025 08:59:16 GMT+0000 (Coordinated Universal Time)
Aesthetics,aesthetics,68fc859a95b7d8d6466ccd74,68fc859a95b7d8d6466ccd43,68fc859a95b7d8d6466cce9c,false,false,Thu Sep 12 2024 14:30:02 GMT+0000 (Coordinated Universal Time),Thu Sep 12 2024 14:30:02 GMT+0000 (Coordinated Universal Time),Wed Nov 05 2025 08:59:16 GMT+0000 (Coordinated Universal Time)
Backfilling,backfilling,68fc859a95b7d8d6466ccd74,68fc859a95b7d8d6466ccd43,68fc859a95b7d8d6466cceaf,false,false,Thu Sep 12 2024 14:30:03 GMT+0000 (Coordinated Universal Time),Thu Sep 12 2024 14:30:03 GMT+0000 (Coordinated Universal Time),Wed Nov 05 2025 08:59:16 GMT+0000 (Coordinated Universal Time)
Barge Access,barge-access,68fc859a95b7d8d6466ccd74,68fc859a95b7d8d6466ccd43,68fc859a95b7d8d6466cce7c,false,false,Thu Sep 12 2024 14:30:01 GMT+0000 (Coordinated Universal Time),Thu Sep 12 2024 14:30:01 GMT+0000 (Coordinated Universal Time),Wed Nov 05 2025 08:59:16 GMT+0000 (Coordinated Universal Time)
Before & After,before-after,68fc859a95b7d8d6466ccd74,68fc859a95b7d8d6466ccd43,68fc859a95b7d8d6466cce82,false,false,Thu Sep 12 2024 14:30:01 GMT+0000 (Coordinated Universal Time),Thu Sep 12 2024 14:30:01 GMT+0000 (Coordinated Universal Time),Wed Nov 05 2025 08:59:16 GMT+0000 (Coordinated Universal Time)
Benefits,benefits,68fc859a95b7d8d6466ccd74,68fc859a95b7d8d6466ccd43,68fc859a95b7d8d6466cce61,false,false,Thu Sep 12 2024 14:30:00 GMT+0000 (Coordinated Universal Time),Thu Sep 12 2024 14:30:00 GMT+0000 (Coordinated Universal Time),Wed Nov 05 2025 08:59:16 GMT+0000 (Coordinated Universal Time)
Budgeting,budgeting,68fc859a95b7d8d6466ccd74,68fc859a95b7d8d6466ccd43,68fc859a95b7d8d6466ccea0,false,false,Thu Sep 12 2024 14:30:02 GMT+0000 (Coordinated Universal Time),Thu Sep 12 2024 14:30:02 GMT+0000 (Coordinated Universal Time),Wed Nov 05 2025 08:59:16 GMT+0000 (Coordinated Universal Time)
Building,building,68fc859a95b7d8d6466ccd74,68fc859a95b7d8d6466ccd43,68fc859a95b7d8d6466ccdce,false,false,Thu Sep 12 2024 14:29:59 GMT+0000 (Coordinated Universal Time),Thu Sep 12 2024 14:29:59 GMT+0000 (Coordinated Universal Time),Wed Nov 05 2025 08:59:16 GMT+0000 (Coordinated Universal Time)
Canal,canal,68fc859a95b7d8d6466ccd74,68fc859a95b7d8d6466ccd43,68fc859a95b7d8d6466cceb2,false,false,Thu Sep 12 2024 14:30:03 GMT+0000 (Coordinated Universal Time),Thu Sep 12 2024 14:30:03 GMT+0000 (Coordinated Universal Time),Wed Nov 05 2025 08:59:16 GMT+0000 (Coordinated Universal Time)
Choosing the Right Seawall,choosing-the-right-seawall,68fc859a95b7d8d6466ccd74,68fc859a95b7d8d6466ccd43,68fc859a95b7d8d6466cce84,false,false,Thu Sep 12 2024 14:30:01 GMT+0000 (Coordinated Universal Time),Thu Sep 12 2024 14:30:01 GMT+0000 (Coordinated Universal Time),Wed Nov 05 2025 08:59:16 GMT+0000 (Coordinated Universal Time)
Client Feedback,client-feedback,68fc859a95b7d8d6466ccd74,68fc859a95b7d8d6466ccd43,68fc859a95b7d8d6466cce80,false,false,Thu Sep 12 2024 14:30:01 GMT+0000 (Coordinated Universal Time),Thu Sep 12 2024 14:30:01 GMT+0000 (Coordinated Universal Time),Wed Nov 05 2025 08:59:16 GMT+0000 (Coordinated Universal Time)
Common Questions,common-questions,68fc859a95b7d8d6466ccd74,68fc859a95b7d8d6466ccd43,68fc859a95b7d8d6466ccea4,false,false,Thu Sep 12 2024 14:30:02 GMT+0000 (Coordinated Universal Time),Thu Sep 12 2024 14:30:02 GMT+0000 (Coordinated Universal Time),Wed Nov 05 2025 08:59:16 GMT+0000 (Coordinated Universal Time)
Community Involvement,community-involvement,68fc859a95b7d8d6466ccd74,68fc859a95b7d8d6466ccd43,68fc859a95b7d8d6466cce86,false,false,Thu Sep 12 2024 14:30:01 GMT+0000 (Coordinated Universal Time),Thu Sep 12 2024 14:30:01 GMT+0000 (Coordinated Universal Time),Wed Nov 05 2025 08:59:16 GMT+0000 (Coordinated Universal Time)
Complex Repairs,complex-repairs,68fc859a95b7d8d6466ccd74,68fc859a95b7d8d6466ccd43,68fc859a95b7d8d6466cce83,false,false,Thu Sep 12 2024 14:30:01 GMT+0000 (Coordinated Universal Time),Thu Sep 12 2024 14:30:01 GMT+0000 (Coordinated Universal Time),Wed Nov 05 2025 08:59:16 GMT+0000 (Coordinated Universal Time)
Compliance,compliance,68fc859a95b7d8d6466ccd74,68fc859a95b7d8d6466ccd43,68fc859a95b7d8d6466cce87,false,false,Thu Sep 12 2024 14:30:01 GMT+0000 (Coordinated Universal Time),Thu Sep 12 2024 14:30:01 GMT+0000 (Coordinated Universal Time),Wed Nov 05 2025 08:59:16 GMT+0000 (Coordinated Universal Time)
Concrete,concrete,68fc859a95b7d8d6466ccd74,68fc859a95b7d8d6466ccd43,68fc859a95b7d8d6466cce4d,false,false,Thu Sep 12 2024 14:30:00 GMT+0000 (Coordinated Universal Time),Thu Sep 12 2024 14:30:00 GMT+0000 (Coordinated Universal Time),Wed Nov 05 2025 08:59:16 GMT+0000 (Coordinated Universal Time)
Coquina,coquina,68fc859a95b7d8d6466ccd74,68fc859a95b7d8d6466ccd43,68fc859a95b7d8d6466cce4e,false,false,Thu Sep 12 2024 14:30:00 GMT+0000 (Coordinated Universal Time),Thu Sep 12 2024 14:30:00 GMT+0000 (Coordinated Universal Time),Wed Nov 05 2025 08:59:16 GMT+0000 (Coordinated Universal Time)
Cost Breakdown,cost-breakdown,68fc859a95b7d8d6466ccd74,68fc859a95b7d8d6466ccd43,68fc859a95b7d8d6466ccea5,false,false,Thu Sep 12 2024 14:30:03 GMT+0000 (Coordinated Universal Time),Thu Sep 12 2024 14:30:03 GMT+0000 (Coordinated Universal Time),Wed Nov 05 2025 08:59:16 GMT+0000 (Coordinated Universal Time)
Cost-Effective Repairs,cost-effective-repairs,68fc859a95b7d8d6466ccd74,68fc859a95b7d8d6466ccd43,68fc859a95b7d8d6466cce76,false,false,Thu Sep 12 2024 14:30:00 GMT+0000 (Coordinated Universal Time),Thu Sep 12 2024 14:30:00 GMT+0000 (Coordinated Universal Time),Wed Nov 05 2025 08:59:16 GMT+0000 (Coordinated Universal Time)
Custom Designs,custom-designs,68fc859a95b7d8d6466ccd74,68fc859a95b7d8d6466ccd43,68fc859a95b7d8d6466ccdae,false,false,Thu Sep 12 2024 14:29:59 GMT+0000 (Coordinated Universal Time),Thu Sep 12 2024 14:29:59 GMT+0000 (Coordinated Universal Time),Wed Nov 05 2025 08:59:16 GMT+0000 (Coordinated Universal Time)
DEP,dep,68fc859a95b7d8d6466ccd74,68fc859a95b7d8d6466ccd43,68fc859a95b7d8d6466cceb7,false,false,Thu Sep 12 2024 14:30:04 GMT+0000 (Coordinated Universal Time),Thu Sep 12 2024 14:30:04 GMT+0000 (Coordinated Universal Time),Wed Nov 05 2025 08:59:16 GMT+0000 (Coordinated Universal Time)
Eco-Friendly Practices,eco-friendly-practices,68fc859a95b7d8d6466ccd74,68fc859a95b7d8d6466ccd43,68fc859a95b7d8d6466cce78,false,false,Thu Sep 12 2024 14:30:00 GMT+0000 (Coordinated Universal Time),Thu Sep 12 2024 14:30:00 GMT+0000 (Coordinated Universal Time),Wed Nov 05 2025 08:59:16 GMT+0000 (Coordinated Universal Time)
Emergency Measures,emergency-measures,68fc859a95b7d8d6466ccd74,68fc859a95b7d8d6466ccd43,68fc859a95b7d8d6466cce7b,false,false,Thu Sep 12 2024 14:30:00 GMT+0000 (Coordinated Universal Time),Thu Sep 12 2024 14:30:00 GMT+0000 (Coordinated Universal Time),Wed Nov 05 2025 08:59:16 GMT+0000 (Coordinated Universal Time)
Environmental Regulations,environmental-regulations,68fc859a95b7d8d6466ccd74,68fc859a95b7d8d6466ccd43,68fc859a95b7d8d6466cce99,false,false,Thu Sep 12 2024 14:30:02 GMT+0000 (Coordinated Universal Time),Thu Sep 12 2024 14:30:02 GMT+0000 (Coordinated Universal Time),Wed Nov 05 2025 08:59:16 GMT+0000 (Coordinated Universal Time)
Erosion Prevention,erosion-prevention,68fc859a95b7d8d6466ccd74,68fc859a95b7d8d6466ccd43,68fc859a95b7d8d6466cce7a,false,false,Thu Sep 12 2024 14:30:00 GMT+0000 (Coordinated Universal Time),Thu Sep 12 2024 14:30:00 GMT+0000 (Coordinated Universal Time),Wed Nov 05 2025 08:59:16 GMT+0000 (Coordinated Universal Time)
Estuary,estuary,68fc859a95b7d8d6466ccd74,68fc859a95b7d8d6466ccd43,68fc859a95b7d8d6466cceb6,false,false,Thu Sep 12 2024 14:30:04 GMT+0000 (Coordinated Universal Time),Thu Sep 12 2024 14:30:04 GMT+0000 (Coordinated Universal Time),Wed Nov 05 2025 08:59:16 GMT+0000 (Coordinated Universal Time)
Evolution of Seawalls,evolution-of-seawalls,68fc859a95b7d8d6466ccd74,68fc859a95b7d8d6466ccd43,68fc859a95b7d8d6466ccea1,false,false,Thu Sep 12 2024 14:30:02 GMT+0000 (Coordinated Universal Time),Thu Sep 12 2024 14:30:02 GMT+0000 (Coordinated Universal Time),Wed Nov 05 2025 08:59:16 GMT+0000 (Coordinated Universal Time)
Future Innovations,future-innovations,68fc859a95b7d8d6466ccd74,68fc859a95b7d8d6466ccd43,68fc859a95b7d8d6466ccea8,false,false,Thu Sep 12 2024 14:30:03 GMT+0000 (Coordinated Universal Time),Thu Sep 12 2024 14:30:03 GMT+0000 (Coordinated Universal Time),Wed Nov 05 2025 08:59:16 GMT+0000 (Coordinated Universal Time)
Granite,granite,68fc859a95b7d8d6466ccd74,68fc859a95b7d8d6466ccd43,68fc859a95b7d8d6466cce73,false,false,Thu Sep 12 2024 14:30:00 GMT+0000 (Coordinated Universal Time),Thu Sep 12 2024 14:30:00 GMT+0000 (Coordinated Universal Time),Wed Nov 05 2025 08:59:16 GMT+0000 (Coordinated Universal Time)
Historical Uses,historical-uses,68fc859a95b7d8d6466ccd74,68fc859a95b7d8d6466ccd43,68fc859a95b7d8d6466cce9e,false,false,Thu Sep 12 2024 14:30:02 GMT+0000 (Coordinated Universal Time),Thu Sep 12 2024 14:30:02 GMT+0000 (Coordinated Universal Time),Wed Nov 05 2025 08:59:16 GMT+0000 (Coordinated Universal Time)
Hurricane,hurricane,68fc859a95b7d8d6466ccd74,68fc859a95b7d8d6466ccd43,68fc859a95b7d8d6466cceb3,false,false,Thu Sep 12 2024 14:30:03 GMT+0000 (Coordinated Universal Time),Thu Sep 12 2024 14:30:03 GMT+0000 (Coordinated Universal Time),Wed Nov 05 2025 08:59:16 GMT+0000 (Coordinated Universal Time)
Innovative Methods,innovative-methods,68fc859a95b7d8d6466ccd74,68fc859a95b7d8d6466ccd43,68fc859a95b7d8d6466cce7d,false,false,Thu Sep 12 2024 14:30:01 GMT+0000 (Coordinated Universal Time),Thu Sep 12 2024 14:30:01 GMT+0000 (Coordinated Universal Time),Wed Nov 05 2025 08:59:16 GMT+0000 (Coordinated Universal Time)
Installation,installation,68fc859a95b7d8d6466ccd74,68fc859a95b7d8d6466ccd43,68fc859a95b7d8d6466cce32,false,false,Thu Sep 12 2024 14:29:59 GMT+0000 (Coordinated Universal Time),Thu Sep 12 2024 14:29:59 GMT+0000 (Coordinated Universal Time),Wed Nov 05 2025 08:59:16 GMT+0000 (Coordinated Universal Time)
Irrigation,irrigation,68fc859a95b7d8d6466ccd74,68fc859a95b7d8d6466ccd43,68fc859a95b7d8d6466cceac,false,false,Thu Sep 12 2024 14:30:03 GMT+0000 (Coordinated Universal Time),Thu Sep 12 2024 14:30:03 GMT+0000 (Coordinated Universal Time),Wed Nov 05 2025 08:59:16 GMT+0000 (Coordinated Universal Time)
Lagoon,lagoon,68fc859a95b7d8d6466ccd74,68fc859a95b7d8d6466ccd43,68fc859a95b7d8d6466cceb1,false,false,Thu Sep 12 2024 14:30:03 GMT+0000 (Coordinated Universal Time),Thu Sep 12 2024 14:30:03 GMT+0000 (Coordinated Universal Time),Wed Nov 05 2025 08:59:16 GMT+0000 (Coordinated Universal Time)
Landscaping,landscaping,68fc859a95b7d8d6466ccd74,68fc859a95b7d8d6466ccd43,68fc859a95b7d8d6466ccea7,false,false,Thu Sep 12 2024 14:30:03 GMT+0000 (Coordinated Universal Time),Thu Sep 12 2024 14:30:03 GMT+0000 (Coordinated Universal Time),Wed Nov 05 2025 08:59:16 GMT+0000 (Coordinated Universal Time)
Limestone,limestone,68fc859a95b7d8d6466ccd74,68fc859a95b7d8d6466ccd43,68fc859a95b7d8d6466cce77,false,false,Thu Sep 12 2024 14:30:00 GMT+0000 (Coordinated Universal Time),Thu Sep 12 2024 14:30:00 GMT+0000 (Coordinated Universal Time),Wed Nov 05 2025 08:59:16 GMT+0000 (Coordinated Universal Time)
Local Challenges,local-challenges,68fc859a95b7d8d6466ccd74,68fc859a95b7d8d6466ccd43,68fc859a95b7d8d6466cce9b,false,false,Thu Sep 12 2024 14:30:02 GMT+0000 (Coordinated Universal Time),Thu Sep 12 2024 14:30:02 GMT+0000 (Coordinated Universal Time),Wed Nov 05 2025 08:59:16 GMT+0000 (Coordinated Universal Time)
Maintenance,maintenance,68fc859a95b7d8d6466ccd74,68fc859a95b7d8d6466ccd43,68fc859a95b7d8d6466ccd90,false,false,Thu Sep 12 2024 14:29:59 GMT+0000 (Coordinated Universal Time),Thu Sep 12 2024 14:29:59 GMT+0000 (Coordinated Universal Time),Wed Nov 05 2025 08:59:16 GMT+0000 (Coordinated Universal Time)
Marine Life Impact,marine-life-impact,68fc859a95b7d8d6466ccd74,68fc859a95b7d8d6466ccd43,68fc859a95b7d8d6466cce79,false,false,Thu Sep 12 2024 14:30:00 GMT+0000 (Coordinated Universal Time),Thu Sep 12 2024 14:30:00 GMT+0000 (Coordinated Universal Time),Wed Nov 05 2025 08:59:16 GMT+0000 (Coordinated Universal Time)
Material Comparisons,material-comparisons,68fc859a95b7d8d6466ccd74,68fc859a95b7d8d6466ccd43,68fc859a95b7d8d6466cce75,false,false,Thu Sep 12 2024 14:30:00 GMT+0000 (Coordinated Universal Time),Thu Sep 12 2024 14:30:00 GMT+0000 (Coordinated Universal Time),Wed Nov 05 2025 08:59:16 GMT+0000 (Coordinated Universal Time)
New Materials,new-materials,68fc859a95b7d8d6466ccd74,68fc859a95b7d8d6466ccd43,68fc859a95b7d8d6466ccea9,false,false,Thu Sep 12 2024 14:30:03 GMT+0000 (Coordinated Universal Time),Thu Sep 12 2024 14:30:03 GMT+0000 (Coordinated Universal Time),Wed Nov 05 2025 08:59:16 GMT+0000 (Coordinated Universal Time)
Permits,permits,68fc859a95b7d8d6466ccd74,68fc859a95b7d8d6466ccd43,68fc859a95b7d8d6466cce85,false,false,Thu Sep 12 2024 14:30:01 GMT+0000 (Coordinated Universal Time),Thu Sep 12 2024 14:30:01 GMT+0000 (Coordinated Universal Time),Wed Nov 05 2025 08:59:16 GMT+0000 (Coordinated Universal Time)
Planning,planning,68fc859a95b7d8d6466ccd74,68fc859a95b7d8d6466ccd43,68fc859a95b7d8d6466cce9a,false,false,Thu Sep 12 2024 14:30:02 GMT+0000 (Coordinated Universal Time),Thu Sep 12 2024 14:30:02 GMT+0000 (Coordinated Universal Time),Wed Nov 05 2025 08:59:16 GMT+0000 (Coordinated Universal Time)
Project Highlights,project-highlights,68fc859a95b7d8d6466ccd74,68fc859a95b7d8d6466ccd43,68fc859a95b7d8d6466cce7f,false,false,Thu Sep 12 2024 14:30:01 GMT+0000 (Coordinated Universal Time),Thu Sep 12 2024 14:30:01 GMT+0000 (Coordinated Universal Time),Wed Nov 05 2025 08:59:16 GMT+0000 (Coordinated Universal Time)
Property Value,property-value,68fc859a95b7d8d6466ccd74,68fc859a95b7d8d6466ccd43,68fc859a95b7d8d6466cce7e,false,false,Thu Sep 12 2024 14:30:01 GMT+0000 (Coordinated Universal Time),Thu Sep 12 2024 14:30:01 GMT+0000 (Coordinated Universal Time),Wed Nov 05 2025 08:59:16 GMT+0000 (Coordinated Universal Time)
Residential,residential,68fc859a95b7d8d6466ccd74,68fc859a95b7d8d6466ccd43,68fc859a95b7d8d6466ccead,false,false,Thu Sep 12 2024 14:30:03 GMT+0000 (Coordinated Universal Time),Thu Sep 12 2024 14:30:03 GMT+0000 (Coordinated Universal Time),Wed Nov 05 2025 08:59:16 GMT+0000 (Coordinated Universal Time)
Restoration,restoration,68fc859a95b7d8d6466ccd74,68fc859a95b7d8d6466ccd43,68fc859a95b7d8d6466cceb8,false,false,Thu Sep 12 2024 14:30:04 GMT+0000 (Coordinated Universal Time),Thu Sep 12 2024 14:30:04 GMT+0000 (Coordinated Universal Time),Wed Nov 05 2025 08:59:16 GMT+0000 (Coordinated Universal Time)
Rip Rap,rip-rap,68fc859a95b7d8d6466ccd74,68fc859a95b7d8d6466ccd43,68fc859a95b7d8d6466ccea6,false,false,Thu Sep 12 2024 14:30:03 GMT+0000 (Coordinated Universal Time),Thu Sep 12 2024 14:30:03 GMT+0000 (Coordinated Universal Time),Wed Nov 05 2025 08:59:16 GMT+0000 (Coordinated Universal Time)
River,river,68fc859a95b7d8d6466ccd74,68fc859a95b7d8d6466ccd43,68fc859a95b7d8d6466cceb0,false,false,Thu Sep 12 2024 14:30:03 GMT+0000 (Coordinated Universal Time),Thu Sep 12 2024 14:30:03 GMT+0000 (Coordinated Universal Time),Wed Nov 05 2025 08:59:16 GMT+0000 (Coordinated Universal Time)
Seasonal Care,seasonal-care,68fc859a95b7d8d6466ccd74,68fc859a95b7d8d6466ccd43,68fc859a95b7d8d6466cce4b,false,false,Thu Sep 12 2024 14:29:59 GMT+0000 (Coordinated Universal Time),Thu Sep 12 2024 14:29:59 GMT+0000 (Coordinated Universal Time),Wed Nov 05 2025 08:59:16 GMT+0000 (Coordinated Universal Time)
Seawall Concerns,seawall-concerns,68fc859a95b7d8d6466ccd74,68fc859a95b7d8d6466ccd43,68fc859a95b7d8d6466cce9d,false,false,Thu Sep 12 2024 14:30:02 GMT+0000 (Coordinated Universal Time),Thu Sep 12 2024 14:30:02 GMT+0000 (Coordinated Universal Time),Wed Nov 05 2025 08:59:16 GMT+0000 (Coordinated Universal Time)
Selecting Contractors,selecting-contractors,68fc859a95b7d8d6466ccd74,68fc859a95b7d8d6466ccd43,68fc859a95b7d8d6466ccea2,false,false,Thu Sep 12 2024 14:30:02 GMT+0000 (Coordinated Universal Time),Thu Sep 12 2024 14:30:02 GMT+0000 (Coordinated Universal Time),Wed Nov 05 2025 08:59:16 GMT+0000 (Coordinated Universal Time)
Shoreline,shoreline,68fc859a95b7d8d6466ccd74,68fc859a95b7d8d6466ccd43,68fc859a95b7d8d6466cceaa,false,false,Thu Sep 12 2024 14:30:03 GMT+0000 (Coordinated Universal Time),Thu Sep 12 2024 14:30:03 GMT+0000 (Coordinated Universal Time),Wed Nov 05 2025 08:59:16 GMT+0000 (Coordinated Universal Time)
Signs of Damage,signs-of-damage,68fc859a95b7d8d6466ccd74,68fc859a95b7d8d6466ccd43,68fc859a95b7d8d6466cce13,false,false,Thu Sep 12 2024 14:29:59 GMT+0000 (Coordinated Universal Time),Thu Sep 12 2024 14:29:59 GMT+0000 (Coordinated Universal Time),Wed Nov 05 2025 08:59:16 GMT+0000 (Coordinated Universal Time)
Storm Surge,storm-surge,68fc859a95b7d8d6466ccd74,68fc859a95b7d8d6466ccd43,68fc859a95b7d8d6466cce81,false,false,Thu Sep 12 2024 14:30:01 GMT+0000 (Coordinated Universal Time),Thu Sep 12 2024 14:30:01 GMT+0000 (Coordinated Universal Time),Wed Nov 05 2025 08:59:16 GMT+0000 (Coordinated Universal Time)
Success Stories,success-stories,68fc859a95b7d8d6466ccd74,68fc859a95b7d8d6466ccd43,68fc859a95b7d8d6466ccea3,false,false,Thu Sep 12 2024 14:30:02 GMT+0000 (Coordinated Universal Time),Thu Sep 12 2024 14:30:02 GMT+0000 (Coordinated Universal Time),Wed Nov 05 2025 08:59:16 GMT+0000 (Coordinated Universal Time)
Sustainability,sustainability,68fc859a95b7d8d6466ccd74,68fc859a95b7d8d6466ccd43,68fc859a95b7d8d6466cce74,false,false,Thu Sep 12 2024 14:30:00 GMT+0000 (Coordinated Universal Time),Thu Sep 12 2024 14:30:00 GMT+0000 (Coordinated Universal Time),Wed Nov 05 2025 08:59:16 GMT+0000 (Coordinated Universal Time)
Trends,trends,68fc859a95b7d8d6466ccd74,68fc859a95b7d8d6466ccd43,68fc859a95b7d8d6466cceab,false,false,Thu Sep 12 2024 14:30:03 GMT+0000 (Coordinated Universal Time),Thu Sep 12 2024 14:30:03 GMT+0000 (Coordinated Universal Time),Wed Nov 05 2025 08:59:16 GMT+0000 (Coordinated Universal Time)
Tropical Storm,tropical-storm,68fc859a95b7d8d6466ccd74,68fc859a95b7d8d6466ccd43,68fc859a95b7d8d6466cceb5,false,false,Thu Sep 12 2024 14:30:04 GMT+0000 (Coordinated Universal Time),Thu Sep 12 2024 14:30:04 GMT+0000 (Coordinated Universal Time),Wed Nov 05 2025 08:59:16 GMT+0000 (Coordinated Universal Time)
Types,types,68fc859a95b7d8d6466ccd74,68fc859a95b7d8d6466ccd43,68fc859a95b7d8d6466cce4c,false,false,Thu Sep 12 2024 14:29:59 GMT+0000 (Coordinated Universal Time),Thu Sep 12 2024 14:29:59 GMT+0000 (Coordinated Universal Time),Wed Nov 05 2025 08:59:16 GMT+0000 (Coordinated Universal Time)
Vegetation,vegetation,68fc859a95b7d8d6466ccd74,68fc859a95b7d8d6466ccd43,68fc859a95b7d8d6466cceae,false,false,Thu Sep 12 2024 14:30:03 GMT+0000 (Coordinated Universal Time),Thu Sep 12 2024 14:30:03 GMT+0000 (Coordinated Universal Time),Wed Nov 05 2025 08:59:16 GMT+0000 (Coordinated Universal Time)
Water Level,water-level,68fc859a95b7d8d6466ccd74,68fc859a95b7d8d6466ccd43,68fc859a95b7d8d6466cceb4,false,false,Thu Sep 12 2024 14:30:03 GMT+0000 (Coordinated Universal Time),Thu Sep 12 2024 14:30:03 GMT+0000 (Coordinated Universal Time),Wed Nov 05 2025 08:59:16 GMT+0000 (Coordinated Universal Time)
Working with Professionals,working-with-professionals,68fc859a95b7d8d6466ccd74,68fc859a95b7d8d6466ccd43,68fc859a95b7d8d6466cce9f,false,false,Thu Sep 12 2024 14:30:02 GMT+0000 (Coordinated Universal Time),Thu Sep 12 2024 14:30:02 GMT+0000 (Coordinated Universal Time),Wed Nov 05 2025 08:59:16 GMT+0000 (Coordinated Universal Time)
